{
	"selectorWithoutVariant": ".oo-ui-icon-{name}",
	"selectorWithVariant": ".oo-ui-image-{variant}.oo-ui-icon-{name}",
	"intro": "@import '../../../../src/styles/common';",
	"variants": {
		"invert": {
			"color": "#fff",
			"global": true
		},
		"progressive": {
			"color": "#36c",
			"global": true
		},
		"constructive": {
			"color": "#36c"
		},
		"destructive": {
			"color": "#c33"
		},
		"warning": {
			"color": "#ff5d00"
		}
	},
	"images": {
		"fullScreen": { "file": "images/icons/fullScreen.svg" },
		"image": { "file": {
			"ltr": "images/icons/image-ltr.svg",
			"rtl": "images/icons/image-rtl.svg"
		} },
		"imageAdd": { "file": {
			"ltr": "images/icons/imageAdd-ltr.svg",
			"rtl": "images/icons/imageAdd-rtl.svg"
		} },
		"imageLock": { "file": {
			"ltr": "images/icons/imageLock-ltr.svg",
			"rtl": "images/icons/imageLock-rtl.svg"
		} },
		"imageGallery": { "file": {
			"ltr": "images/icons/imageGallery-ltr.svg",
			"rtl": "images/icons/imageGallery-rtl.svg"
		} },
		"photoGallery": { "file": {
			"ltr": "images/icons/imageGallery-ltr.svg",
			"rtl": "images/icons/imageGallery-rtl.svg"
		} },
		"play": { "file": {
			"ltr": "images/icons/play-ltr.svg",
			"rtl": "images/icons/play-rtl.svg"
		} },
		"stop": { "file": "images/icons/stop.svg" }
	}
}
