{
	"selectorWithoutVariant": ".oo-ui-icon-{name}",
	"selectorWithVariant": ".oo-ui-image-{variant}.oo-ui-icon-{name}",
	"intro": "@import '../../../../src/styles/common';",
	"variants": {
		"invert": {
			"color": "#fff",
			"global": true
		},
		"progressive": {
			"color": "#36c",
			"global": true
		},
		"constructive": {
			"color": "#36c"
		},
		"destructive": {
			"color": "#c33"
		},
		"warning": {
			"color": "#ff5d00"
		}
	},
	"images": {
		"stripeFlow": { "file": {
			"ltr": "images/icons/stripeFlow-ltr.svg",
			"rtl": "images/icons/stripeFlow-rtl.svg"
		} },
		"stripeSideMenu": { "file": "images/icons/stripeSideMenu.svg" },
		"stripeSummary": { "file": {
			"ltr": "images/icons/stripeSummary-ltr.svg",
			"rtl": "images/icons/stripeSummary-rtl.svg"
		} },
		"stripeToC": { "file": {
			"ltr": "images/icons/stripeToC-ltr.svg",
			"rtl": "images/icons/stripeToC-rtl.svg"
		}, "variants": [ "progressive" ] },
		"viewCompact": { "file": "images/icons/viewCompact.svg" },
		"viewDetails": { "file": {
			"ltr": "images/icons/viewDetails-ltr.svg",
			"rtl": "images/icons/viewDetails-rtl.svg"
		} }
	}
}
