{
	"selectorWithoutVariant": ".oo-ui-icon-{name}",
	"selectorWithVariant": ".oo-ui-image-{variant}.oo-ui-icon-{name}",
	"intro": "@import '../../../../src/styles/common';",
	"variants": {
		"invert": {
			"color": "#fff",
			"global": true
		},
		"progressive": {
			"color": "#36c",
			"global": true
		},
		"constructive": {
			"color": "#36c"
		},
		"destructive": {
			"color": "#c33"
		},
		"warning": {
			"color": "#ff5d00"
		}
	},
	"images": {
		"block": { "file": "images/icons/block.svg", "variants": [ "destructive" ] },
		"blockUndo": { "file": {
			"ltr": "images/icons/blockUndo-ltr.svg",
			"rtl": "images/icons/blockUndo-rtl.svg"
		} },
		"flag": { "file": {
			"ltr": "images/icons/flag-ltr.svg",
			"rtl": "images/icons/flag-rtl.svg"
		} },
		"flagUndo": { "file": {
			"ltr": "images/icons/flagUndo-ltr.svg",
			"rtl": "images/icons/flagUndo-rtl.svg"
		} },
		"lock": { "file": {
			"ltr": "images/icons/lock-ltr.svg",
			"rtl": "images/icons/lock-rtl.svg"
		}, "variants": [ "destructive" ] },
		"ongoingConversation": {
			"file": {
				"ltr": "images/icons/ongoingConversation-ltr.svg",
				"rtl": "images/icons/ongoingConversation-rtl.svg"
			},
			"variants": [ "progressive" ]
		},
		"star": { "file": "images/icons/star.svg", "variants": [ "constructive", "progressive" ] },
		"trash": { "file": "images/icons/trash.svg" },
		"trashUndo": { "file": {
			"ltr": "images/icons/trashUndo-ltr.svg",
			"rtl": "images/icons/trashUndo-rtl.svg"
		} },
		"unLock": { "file": {
			"ltr": "images/icons/unLock-ltr.svg",
			"rtl": "images/icons/unLock-rtl.svg"
		}, "variants": [ "destructive" ] },
		"unStar": { "file": "images/icons/unStar.svg", "variants": [ "constructive", "progressive" ] }
	}
}
