{
	"selectorWithoutVariant": ".oo-ui-icon-{name}",
	"selectorWithVariant": ".oo-ui-image-{variant}.oo-ui-icon-{name}",
	"intro": "@import '../../../../src/styles/common';",
	"variants": {
		"invert": {
			"color": "#fff",
			"global": true
		},
		"progressive": {
			"color": "#36c",
			"global": true
		},
		"constructive": {
			"color": "#36c"
		},
		"destructive": {
			"color": "#c33"
		},
		"warning": {
			"color": "#ff5d00"
		}
	},
	"images": {
		"article": { "file": {
			"ltr": "images/icons/article-ltr.svg",
			"rtl": "images/icons/article-rtl.svg"
		} },
		"articles": { "file": {
			"ltr": "images/icons/articles-ltr.svg",
			"rtl": "images/icons/articles-rtl.svg"
		} },
		"articleCheck": { "file": {
			"ltr": "images/icons/articleCheck-ltr.svg",
			"rtl": "images/icons/articleCheck-rtl.svg"
		} },
		"articleSearch": { "file": {
			"ltr": "images/icons/articleSearch-ltr.svg",
			"rtl": "images/icons/articleSearch-rtl.svg"
		} },
		"articleRedirect": { "file": {
			"ltr": "images/icons/articleRedirect-ltr.svg",
			"rtl": "images/icons/articleRedirect-rtl.svg"
		} },
		"book": { "file": {
			"ltr": "images/icons/book-ltr.svg",
			"rtl": "images/icons/book-rtl.svg"
		} },
		"citeArticle": { "file": {
			"ltr": "images/icons/citeArticle-ltr.svg",
			"rtl": "images/icons/citeArticle-rtl.svg"
		} },
		"die": { "file": {
			"ltr": "images/icons/die-ltr.svg",
			"rtl": "images/icons/die-rtl.svg"
		} },
		"download": { "file": {
			"ltr": "images/icons/download-ltr.svg",
			"rtl": "images/icons/download-rtl.svg"
		} },
		"folderPlaceholder": { "file": {
			"ltr": "images/icons/folderPlaceholder-ltr.svg",
			"rtl": "images/icons/folderPlaceholder-rtl.svg"
		} },
		"journal": { "file": {
			"ltr": "images/icons/journal-ltr.svg",
			"rtl": "images/icons/journal-rtl.svg"
		} },
		"newspaper": { "file": {
			"ltr": "images/icons/newspaper-ltr.svg",
			"rtl": "images/icons/newspaper-rtl.svg"
		} },
		"upload": { "file": {
			"ltr": "images/icons/upload-ltr.svg",
			"rtl": "images/icons/upload-rtl.svg"
		} }
	}
}
