{
	"selectorWithoutVariant": ".oo-ui-icon-{name}",
	"selectorWithVariant": ".oo-ui-image-{variant}.oo-ui-icon-{name}",
	"intro": "@import '../../../../src/styles/common';",
	"variants": {
		"invert": {
			"color": "#fff",
			"global": true
		},
		"progressive": {
			"color": "#36c",
			"global": true
		},
		"constructive": {
			"color": "#36c"
		},
		"destructive": {
			"color": "#c33"
		},
		"warning": {
			"color": "#ff5d00"
		}
	},
	"images": {
		"indent": { "file": {
			"ltr": "images/icons/indent-ltr.svg",
			"rtl": "images/icons/indent-rtl.svg"
		} },
		"listBullet": { "file": {
			"ltr": "images/icons/listBullet-ltr.svg",
			"rtl": "images/icons/listBullet-rtl.svg"
		} },
		"listNumbered": { "file": {
			"ltr": "images/icons/listNumbered-ltr.svg",
			"rtl": "images/icons/listNumbered-rtl.svg"
		} },
		"outdent": { "file": {
			"ltr": "images/icons/outdent-ltr.svg",
			"rtl": "images/icons/outdent-rtl.svg"
		} }
	}
}
