{
	"selectorWithoutVariant": ".oo-ui-icon-{name}",
	"selectorWithVariant": ".oo-ui-image-{variant}.oo-ui-icon-{name}",
	"intro": "@import '../../../../src/styles/common';",
	"variants": {
		"invert": {
			"color": "#fff",
			"global": true
		},
		"progressive": {
			"color": "#36c",
			"global": true
		},
		"constructive": {
			"color": "#36c"
		},
		"destructive": {
			"color": "#c33"
		},
		"warning": {
			"color": "#ff5d00"
		}
	},
	"images": {
		"bigger": { "file": {
			"ltr": "images/icons/bigger-ltr.svg",
			"rtl": "images/icons/bigger-rtl.svg"
		} },
		"smaller": { "file": {
			"ltr": "images/icons/smaller-ltr.svg",
			"rtl": "images/icons/smaller-rtl.svg"
		} },
		"subscript": { "file": {
			"ltr": "images/icons/subscript-ltr.svg",
			"rtl": "images/icons/subscript-rtl.svg"
		} },
		"superscript": { "file": {
			"ltr": "images/icons/superscript-ltr.svg",
			"rtl": "images/icons/superscript-rtl.svg"
		} },
		"bold": { "file": {
			"default": "images/icons/bold-a.svg",
			"lang": {
				"ar": "images/icons/bold-arab-ain.svg",
				"be": "images/icons/bold-cyrl-te.svg",
				"cs,en,en-ca,en-gb,he,ml,pl,sco": "images/icons/bold-b.svg",
				"da,de,hu,ksh,nn,no,sv": "images/icons/bold-f.svg",
				"es,gl,pt": "images/icons/bold-n.svg",
				"eu,fi": "images/icons/bold-l.svg",
				"fa": "images/icons/bold-arab-dad.svg",
				"fr,it": "images/icons/bold-g.svg",
				"hy": "images/icons/bold-armn-to.svg",
				"ka": "images/icons/bold-geor-man.svg",
				"ky,ru,uk": "images/icons/bold-cyrl-zhe.svg",
				"nl": "images/icons/bold-v.svg",
				"os": "images/icons/bold-cyrl-be.svg"
			}
		} },
		"italic": { "file": {
			"default": "images/icons/italic-a.svg",
			"lang": {
					"ar": "images/icons/italic-arab-meem.svg",
					"cs,en,en-ca,en-gb,fr,he,ml,pl,pt,sco": "images/icons/italic-i.svg",
					"be,da,de,fi,ky,nn,no,os,sv,ru,uk": "images/icons/italic-k.svg",
					"es,gl,it,nl": "images/icons/italic-c.svg",
					"eu": "images/icons/italic-e.svg",
					"fa": "images/icons/italic-arab-keheh-jeem.svg",
					"hu": "images/icons/italic-d.svg",
					"hy": "images/icons/italic-armn-sha.svg",
					"ksh": "images/icons/italic-s.svg",
					"ka": "images/icons/italic-geor-kan.svg"
				}
		} },
		"strikethrough": { "file": {
			"default": "images/icons/strikethrough-a.svg",
			"lang": {
				"en,en-ca,en-gb": "images/icons/strikethrough-s.svg",
				"fi": "images/icons/strikethrough-y.svg"
			}
		} },
		"underline": { "file": {
			"default": "images/icons/underline-a.svg",
			"lang": {
				"en,en-ca,en-gb": "images/icons/underline-u.svg"
			}
		} },
		"textLanguage": { "file": {
			"ltr": "images/icons/language-ltr.svg",
			"rtl": "images/icons/language-rtl.svg"
		} },
		"textDirLTR": { "file": "images/icons/text-dir-lefttoright.svg" },
		"textDirRTL": { "file": "images/icons/text-dir-righttoleft.svg" },
		"textStyle": { "file": "images/icons/text-style.svg" }
	}
}
