{
	"selectorWithoutVariant": ".oo-ui-icon-{name}",
	"selectorWithVariant": ".oo-ui-image-{variant}.oo-ui-icon-{name}",
	"intro": "@import '../../../../src/styles/common';",
	"variants": {
		"invert": {
			"color": "#fff",
			"global": true
		},
		"progressive": {
			"color": "#36c",
			"global": true
		},
		"constructive": {
			"color": "#36c"
		},
		"destructive": {
			"color": "#c33"
		},
		"warning": {
			"color": "#ff5d00"
		}
	},
	"images": {
		"map": { "file": {
			"ltr": "images/icons/map-ltr.svg",
			"rtl": "images/icons/map-rtl.svg"
		} },
		"mapPin": { "file": "images/icons/mapPin.svg" },
		"mapPinAdd": { "file": {
			"ltr": "images/icons/mapPinAdd-ltr.svg",
			"rtl": "images/icons/mapPinAdd-rtl.svg"
		} },
		"wikitrail": { "file": {
			"ltr": "images/icons/wikitrail-ltr.svg",
			"rtl": "images/icons/wikitrail-rtl.svg"
		} }
	}
}
