{
	"selectorWithoutVariant": ".oo-ui-icon-{name}",
	"selectorWithVariant": ".oo-ui-image-{variant}.oo-ui-icon-{name}",
	"intro": "@import '../../../../src/styles/common';",
	"variants": {
		"invert": {
			"color": "#fff",
			"global": true
		},
		"progressive": {
			"color": "#36c",
			"global": true
		},
		"constructive": {
			"color": "#36c"
		},
		"destructive": {
			"color": "#c33"
		},
		"warning": {
			"color": "#ff5d00"
		}
	},
	"images": {
		"edit": { "file": {
			"ltr": "images/icons/edit-ltr.svg",
			"rtl": "images/icons/edit-rtl.svg"
		}, "variants": [ "progressive" ] },
		"editLock": { "file": {
			"ltr": "images/icons/editLock-ltr.svg",
			"rtl": "images/icons/editLock-rtl.svg"
		} },
		"editUndo": { "file": {
			"ltr": "images/icons/editUndo-ltr.svg",
			"rtl": "images/icons/editUndo-rtl.svg"
		} },
		"link": { "file": {
			"ltr": "images/icons/link-ltr.svg",
			"rtl": "images/icons/link-rtl.svg"
		} },
		"linkExternal": { "file": {
			"ltr": "images/icons/external-link-ltr.svg",
			"rtl":  "images/icons/external-link-rtl.svg"
		} },
		"linkSecure": { "file": "images/icons/secure-link.svg" },
		"redo": { "file": {
			"ltr": "images/icons/arched-arrow-ltr.svg",
			"rtl": "images/icons/arched-arrow-rtl.svg"
		} },
		"undo": { "file": {
			"ltr": "images/icons/arched-arrow-rtl.svg",
			"rtl": "images/icons/arched-arrow-ltr.svg"
		} }
	}
}
