{
	"selectorWithoutVariant": ".oo-ui-indicator-{name}",
	"selectorWithVariant": ".oo-ui-image-{variant}.oo-ui-indicator-{name}",
	"intro": "@import '../../../../src/styles/common';",
	"variants": {
		"invert": {
			"color": "#fff",
			"global": true
		},
		"progressive": {
			"color": "#36c",
			"global": true
		},
		"constructive": {
			"color": "#36c"
		},
		"destructive": {
			"color": "#c33"
		},
		"warning": {
			"color": "#ff5d00"
		}
	},
	"images": {
		"alert": { "file": "images/indicators/alert.svg" },
		"clear": { "file": "images/indicators/clear.svg" },
		"up": { "file": "images/indicators/arrow-up.svg" },
		"down": { "file": "images/indicators/arrow-down.svg" },
		"next": { "file": {
			"ltr": "images/indicators/arrow-ltr.svg",
			"rtl": "images/indicators/arrow-rtl.svg"
		} },
		"previous": { "file": {
			"ltr": "images/indicators/arrow-rtl.svg",
			"rtl": "images/indicators/arrow-ltr.svg"
		} },
		"required": { "file": "images/indicators/required.svg" },
		"search": { "file": {
			"ltr": "images/indicators/search-ltr.svg",
			"rtl": "images/indicators/search-rtl.svg"
		} }
	}
}
