{
	"--title": "MediaWiki core - Documentation",
	"--categories": "maintenance/jsduck/categories.json",
	"--eg-iframe": "maintenance/jsduck/eg-iframe.html",
	"--tags": "maintenance/jsduck/custom_tags.rb",
	"--warnings": ["-nodoc(class,public)"],
	"--builtin-classes": true,
	"--processes": "0",
	"--warnings-exit-nonzero": true,
	"--external": "Blob,File,HTMLDocument,HTMLElement,HTMLIframeElement,HTMLInputElement,KeyboardEvent,MouseEvent,Node,Window,XMLDocument",
	"--output": "docs/js",
	"--": [
		"maintenance/jsduck/external.js",
		"resources/src/mediawiki",
		"resources/src/mediawiki.action",
		"resources/src/mediawiki.language",
		"resources/src/mediawiki.messagePoster",
		"resources/src/mediawiki.special",
		"resources/src/mediawiki.toolbar",
		"resources/src/mediawiki.widgets",
		"resources/src/jquery/jquery.accessKeyLabel.js",
		"resources/src/jquery/jquery.arrowSteps.js",
		"resources/src/jquery/jquery.autoEllipsis.js",
		"resources/src/jquery/jquery.badge.js",
		"resources/src/jquery/jquery.byteLength.js",
		"resources/src/jquery/jquery.byteLimit.js",
		"resources/src/jquery/jquery.checkboxShiftClick.js",
		"resources/src/jquery/jquery.colorUtil.js",
		"resources/src/jquery/jquery.confirmable.js",
		"resources/src/jquery/jquery.footHovzer.js",
		"resources/src/jquery/jquery.getAttrs.js",
		"resources/src/jquery/jquery.hidpi.js",
		"resources/src/jquery/jquery.localize.js",
		"resources/src/jquery/jquery.makeCollapsible.js",
		"resources/src/jquery/jquery.spinner.js",
		"resources/src/jquery/jquery.suggestions.js",
		"resources/src/jquery/jquery.tabIndex.js",
		"resources/lib/jquery.client/jquery.client.js",
		"resources/lib/oojs",
		"resources/lib/oojs-ui"
	]
}
