<?xml version="1.0"?>
<ruleset name="MediaWiki">
	<rule ref="vendor/mediawiki/mediawiki-codesniffer/MediaWiki" />
	<rule ref="MediaWiki.NamingConventions.PrefixedGlobalFunctions">
		<properties>
			<property name="ignoreList" type="array" value="bfNormalizeTitleStrReplace,bfNormalizeTitleStrTr,cdbShowHelp,codepointToUtf8,compare_point,cssfilter,escapeSingleString,findAuxFile,findFiles,getEscapedProfileUrl,getFileCommentFromSourceWiki,getFileUserFromSourceWiki,hexSequenceToUtf8,mccGetHelp,mccShowUsage,mimeTypeMatch,moveToExternal,NothingFunction,NothingFunctionData,resolveStub,resolveStubs,showUsage,splitFilename,utf8ToCodepoint,utf8ToHexSequence" />
		</properties>
	</rule>
	<rule ref="MediaWiki.NamingConventions.ValidGlobalName">
		<properties>
			<property name="ignoreList" type="array" value="$IP,$messageMemc,$parserMemc" />
		</properties>
	</rule>
	<file>.</file>
	<arg name="encoding" value="utf8"/>
	<arg name="extensions" value="php,php5,inc,sample"/>
	<rule ref="Generic.Files.LineLength">
		<exclude-pattern>*/languages/messages/Messages*.php</exclude-pattern>
	</rule>
	<rule ref="PSR2.Methods.MethodDeclaration.Underscore">
		<exclude-pattern>*/includes/StubObject.php</exclude-pattern>
	</rule>
	<rule ref="MediaWiki.ControlStructures.AssignmentInControlStructures.AssignmentInControlStructures">
		<severity>0</severity>
	</rule>
	<rule ref="Generic.ControlStructures.InlineControlStructure.NotAllowed">
		<severity>0</severity>
	</rule>
	<exclude-pattern>node_modules/</exclude-pattern>
	<exclude-pattern>vendor/</exclude-pattern>
	<exclude-pattern type="relative">^extensions/</exclude-pattern>
	<exclude-pattern type="relative">^skins/</exclude-pattern>
	<exclude-pattern>.git</exclude-pattern>
</ruleset>
